,FlightNumber,Date,BoosterVersion,PayloadMass,Orbit_csv,LaunchSite,Outcome,Flights,GridFins,Reused,Legs,LandingPad,Block,ReusedCount,Serial,Longitude,Latitude,Class,Time (UTC),Booster_Version,Launch_Site,Payload,PAYLOAD_MASS__KG_,Orbit_db,Customer,Mission_Outcome,Landing_Outcome
0,1,2010-06-04,Falcon 9,6123.547647058824,LEO,CCSFS SLC 40,None None,1,False,False,False,,1.0,0,B0003,-80.577366,28.5618571,0,18:45:00,F9 v1.0  B0003,CCAFS LC-40,Dragon Spacecraft Qualification Unit,0,LEO,SpaceX,Success,Failure (parachute)
1,2,2012-05-22,Falcon 9,525.0,LEO,CCSFS SLC 40,None None,1,False,False,False,,1.0,0,B0005,-80.577366,28.5618571,0,7:44:00,F9 v1.0  B0005,CCAFS LC-40,Dragon demo flight C2,525,LEO (ISS),NASA (COTS),Success,No attempt
2,3,2013-03-01,Falcon 9,677.0,ISS,CCSFS SLC 40,None None,1,False,False,False,,1.0,0,B0007,-80.577366,28.5618571,0,15:10:00,F9 v1.0  B0007,CCAFS LC-40,SpaceX CRS-2,677,LEO (ISS),NASA (CRS),Success,No attempt
3,4,2013-09-29,Falcon 9,500.0,PO,VAFB SLC 4E,False Ocean,1,False,False,False,,1.0,0,B1003,-120.610829,34.632093,0,16:00:00,F9 v1.1  B1003,VAFB SLC-4E,CASSIOPE,500,Polar LEO,MDA,Success,Uncontrolled (ocean)
4,5,2013-12-03,Falcon 9,3170.0,GTO,CCSFS SLC 40,None None,1,False,False,False,,1.0,0,B1004,-80.577366,28.5618571,0,22:41:00,F9 v1.1,CCAFS LC-40,SES-8,3170,GTO,SES,Success,No attempt
5,6,2014-01-06,Falcon 9,3325.0,GTO,CCSFS SLC 40,None None,1,False,False,False,,1.0,0,B1005,-80.577366,28.5618571,0,22:06:00,F9 v1.1,CCAFS LC-40,Thaicom 6,3325,GTO,Thaicom,Success,No attempt
6,7,2014-04-18,Falcon 9,2296.0,ISS,CCSFS SLC 40,True Ocean,1,False,False,True,,1.0,0,B1006,-80.577366,28.5618571,1,19:25:00,F9 v1.1,CCAFS LC-40,SpaceX CRS-3,2296,LEO (ISS),NASA (CRS),Success,Controlled (ocean)
7,8,2014-07-14,Falcon 9,1316.0,LEO,CCSFS SLC 40,True Ocean,1,False,False,True,,1.0,0,B1007,-80.577366,28.5618571,1,15:15:00,F9 v1.1,CCAFS LC-40,OG2 Mission 1  6 Orbcomm-OG2 satellites,1316,LEO,Orbcomm,Success,Controlled (ocean)
8,9,2014-08-05,Falcon 9,4535.0,GTO,CCSFS SLC 40,None None,1,False,False,False,,1.0,0,B1008,-80.577366,28.5618571,0,8:00:00,F9 v1.1,CCAFS LC-40,AsiaSat 8,4535,GTO,AsiaSat,Success,No attempt
9,10,2014-09-07,Falcon 9,4428.0,GTO,CCSFS SLC 40,None None,1,False,False,False,,1.0,0,B1011,-80.577366,28.5618571,0,5:00:00,F9 v1.1 B1011,CCAFS LC-40,AsiaSat 6,4428,GTO,AsiaSat,Success,No attempt
10,11,2014-09-21,Falcon 9,2216.0,ISS,CCSFS SLC 40,False Ocean,1,False,False,False,,1.0,0,B1010,-80.577366,28.5618571,0,5:52:00,F9 v1.1 B1010,CCAFS LC-40,SpaceX CRS-4,2216,LEO (ISS),NASA (CRS),Success,Uncontrolled (ocean)
11,12,2015-01-10,Falcon 9,2395.0,ISS,CCSFS SLC 40,False ASDS,1,True,False,True,5e9e3032383ecb761634e7cb,1.0,0,B1012,-80.577366,28.5618571,0,9:47:00,F9 v1.1 B1012,CCAFS LC-40,SpaceX CRS-5,2395,LEO (ISS),NASA (CRS),Success,Failure (drone ship)
12,13,2015-02-11,Falcon 9,570.0,ES-L1,CCSFS SLC 40,True Ocean,1,True,False,True,,1.0,0,B1013,-80.577366,28.5618571,1,23:03:00,F9 v1.1 B1013,CCAFS LC-40,DSCOVR,570,HEO,U.S. Air Force NASA NOAA,Success,Controlled (ocean)
13,14,2015-04-14,Falcon 9,1898.0,ISS,CCSFS SLC 40,False ASDS,1,True,False,True,5e9e3032383ecb761634e7cb,1.0,0,B1015,-80.577366,28.5618571,0,20:10:00,F9 v1.1 B1015,CCAFS LC-40,SpaceX CRS-6,1898,LEO (ISS),NASA (CRS),Success,Failure (drone ship)
14,15,2015-04-27,Falcon 9,4707.0,GTO,CCSFS SLC 40,None None,1,False,False,False,,1.0,0,B1016,-80.577366,28.5618571,0,23:03:00,F9 v1.1 B1016,CCAFS LC-40,Turkmen 52 / MonacoSAT,4707,GTO,Turkmenistan National Space Agency,Success,No attempt
15,16,2015-06-28,Falcon 9,2477.0,ISS,CCSFS SLC 40,None ASDS,1,True,False,True,5e9e3032383ecb6bb234e7ca,1.0,0,B1018,-80.577366,28.5618571,0,14:21:00,F9 v1.1 B1018,CCAFS LC-40,SpaceX CRS-7,1952,LEO (ISS),NASA (CRS),Failure (in flight),Precluded (drone ship)
16,17,2015-12-22,Falcon 9,2034.0,LEO,CCSFS SLC 40,True RTLS,1,True,False,True,5e9e3032383ecb267a34e7c7,1.0,0,B1019,-80.577366,28.5618571,1,1:29:00,F9 FT B1019,CCAFS LC-40,OG2 Mission 2  11 Orbcomm-OG2 satellites,2034,LEO,Orbcomm,Success,Success (ground pad)
17,18,2016-01-17,Falcon 9,553.0,PO,VAFB SLC 4E,False ASDS,1,True,False,True,5e9e3033383ecbb9e534e7cc,1.0,0,B1017,-120.610829,34.632093,0,18:42:00,F9 v1.1 B1017,VAFB SLC-4E,Jason-3,553,LEO,NASA (LSP) NOAA CNES,Success,Failure (drone ship)
18,19,2016-03-04,Falcon 9,5271.0,GTO,CCSFS SLC 40,False ASDS,1,True,False,True,5e9e3032383ecb6bb234e7ca,1.0,0,B1020,-80.577366,28.5618571,0,23:35:00,F9 FT B1020,CCAFS LC-40,SES-9,5271,GTO,SES,Success,Failure (drone ship)
19,20,2016-04-08,Falcon 9,3136.0,ISS,CCSFS SLC 40,True ASDS,1,True,False,True,5e9e3032383ecb6bb234e7ca,2.0,1,B1021,-80.577366,28.5618571,1,20:43:00,F9 FT B1021.1,CCAFS LC-40,SpaceX CRS-8,3136,LEO (ISS),NASA (CRS),Success,Success (drone ship)
20,21,2016-05-06,Falcon 9,4696.0,GTO,CCSFS SLC 40,True ASDS,1,True,False,True,5e9e3032383ecb6bb234e7ca,2.0,0,B1022,-80.577366,28.5618571,1,5:21:00,F9 FT B1022,CCAFS LC-40,JCSAT-14,4696,GTO,SKY Perfect JSAT Group,Success,Success (drone ship)
21,22,2016-05-27,Falcon 9,3100.0,GTO,CCSFS SLC 40,True ASDS,1,True,False,True,5e9e3032383ecb6bb234e7ca,2.0,1,B1023,-80.577366,28.5618571,1,21:39:00,F9 FT B1023.1,CCAFS LC-40,Thaicom 8,3100,GTO,Thaicom,Success,Success (drone ship)
22,23,2016-07-18,Falcon 9,2257.0,ISS,CCSFS SLC 40,True RTLS,1,True,False,True,5e9e3032383ecb267a34e7c7,2.0,1,B1025,-80.577366,28.5618571,1,4:45:00,F9 FT B1025.1,CCAFS LC-40,SpaceX CRS-9,2257,LEO (ISS),NASA (CRS),Success,Success (ground pad)
23,24,2016-08-14,Falcon 9,4600.0,GTO,CCSFS SLC 40,True ASDS,1,True,False,True,5e9e3032383ecb6bb234e7ca,2.0,0,B1026,-80.577366,28.5618571,1,5:26:00,F9 FT B1026,CCAFS LC-40,JCSAT-16,4600,GTO,SKY Perfect JSAT Group,Success,Success (drone ship)
24,26,2017-01-14,Falcon 9,9600.0,PO,VAFB SLC 4E,True ASDS,1,True,False,True,5e9e3033383ecbb9e534e7cc,3.0,1,B1029,-120.610829,34.632093,1,17:54:00,F9 FT B1029.1,VAFB SLC-4E,Iridium NEXT 1,9600,Polar LEO,Iridium Communications,Success,Success (drone ship)
25,27,2017-02-19,Falcon 9,2490.0,ISS,KSC LC 39A,True RTLS,1,True,False,True,5e9e3032383ecb267a34e7c7,3.0,1,B1031,-80.6039558,28.6080585,1,14:39:00,F9 FT B1031.1,KSC LC-39A,SpaceX CRS-10,2490,LEO (ISS),NASA (CRS),Success,Success (ground pad)
26,28,2017-03-16,Falcon 9,5600.0,GTO,KSC LC 39A,None None,1,False,False,False,,3.0,0,B1030,-80.6039558,28.6080585,0,6:00:00,F9 FT B1030,KSC LC-39A,EchoStar 23,5600,GTO,EchoStar,Success,No attempt
27,29,2017-03-30,Falcon 9,5300.0,GTO,KSC LC 39A,True ASDS,2,True,True,True,5e9e3032383ecb6bb234e7ca,2.0,1,B1021,-80.6039558,28.6080585,1,22:27:00,F9 FT  B1021.2,KSC LC-39A,SES-10,5300,GTO,SES,Success,Success (drone ship)
28,30,2017-05-01,Falcon 9,6123.547647058824,LEO,KSC LC 39A,True RTLS,1,True,False,True,5e9e3032383ecb267a34e7c7,3.0,1,B1032,-80.6039558,28.6080585,1,11:15:00,F9 FT B1032.1,KSC LC-39A,NROL-76,5300,LEO,NRO,Success,Success (ground pad)
29,31,2017-05-15,Falcon 9,6070.0,GTO,KSC LC 39A,None None,1,False,False,False,,3.0,0,B1034,-80.6039558,28.6080585,0,23:21:00,F9 FT B1034,KSC LC-39A,Inmarsat-5 F4,6070,GTO,Inmarsat,Success,No attempt
30,32,2017-06-03,Falcon 9,2708.0,ISS,KSC LC 39A,True RTLS,1,True,False,True,5e9e3032383ecb267a34e7c7,3.0,1,B1035,-80.6039558,28.6080585,1,21:07:00,F9 FT B1035.1,KSC LC-39A,SpaceX CRS-11,2708,LEO (ISS),NASA (CRS),Success,Success (ground pad)
31,33,2017-06-23,Falcon 9,3669.0,GTO,KSC LC 39A,True ASDS,2,True,True,True,5e9e3032383ecb6bb234e7ca,3.0,1,B1029,-80.6039558,28.6080585,1,19:10:00,F9 FT  B1029.2,KSC LC-39A,BulgariaSat-1,3669,GTO,Bulsatcom,Success,Success (drone ship)
32,34,2017-06-25,Falcon 9,9600.0,PO,VAFB SLC 4E,True ASDS,1,True,False,True,5e9e3033383ecbb9e534e7cc,3.0,1,B1036,-120.610829,34.632093,1,20:25:00,F9 FT B1036.1,VAFB SLC-4E,Iridium NEXT 2,9600,LEO,Iridium Communications,Success,Success (drone ship)
33,35,2017-07-05,Falcon 9,6761.0,GTO,KSC LC 39A,None None,1,False,False,False,,3.0,0,B1037,-80.6039558,28.6080585,0,23:38:00,F9 FT B1037,KSC LC-39A,Intelsat 35e,6761,GTO,Intelsat,Success,No attempt
34,36,2017-08-14,Falcon 9,2910.0,ISS,KSC LC 39A,True RTLS,1,True,False,True,5e9e3032383ecb267a34e7c7,4.0,1,B1039,-80.6039558,28.6080585,1,16:31:00,F9 B4 B1039.1,KSC LC-39A,SpaceX CRS-12,3310,LEO (ISS),NASA (CRS),Success,Success (ground pad)
35,37,2017-08-24,Falcon 9,475.0,SSO,VAFB SLC 4E,True ASDS,1,True,False,True,5e9e3033383ecbb9e534e7cc,3.0,1,B1038,-120.610829,34.632093,1,18:51:00,F9 FT B1038.1,VAFB SLC-4E,Formosat-5,475,SSO,NSPO,Success,Success (drone ship)
36,38,2017-09-07,Falcon 9,4990.0,LEO,KSC LC 39A,True RTLS,1,True,False,True,5e9e3032383ecb267a34e7c7,4.0,1,B1040,-80.6039558,28.6080585,1,14:00:00,F9 B4 B1040.1,KSC LC-39A,Boeing X-37B OTV-5,4990,LEO,U.S. Air Force,Success,Success (ground pad)
37,39,2017-10-09,Falcon 9,9600.0,PO,VAFB SLC 4E,True ASDS,1,True,False,True,5e9e3033383ecbb9e534e7cc,4.0,1,B1041,-120.610829,34.632093,1,12:37:00,F9 B4 B1041.1,VAFB SLC-4E,Iridium NEXT 3,9600,Polar LEO,Iridium Communications,Success,Success (drone ship)
38,40,2017-10-11,Falcon 9,5200.0,GTO,KSC LC 39A,True ASDS,2,True,True,True,5e9e3032383ecb6bb234e7ca,3.0,1,B1031,-80.6039558,28.6080585,1,22:53:00,F9 FT  B1031.2,KSC LC-39A,SES-11 / EchoStar 105,5200,GTO,SES EchoStar,Success,Success (drone ship)
39,41,2017-10-30,Falcon 9,3700.0,GTO,KSC LC 39A,True ASDS,1,True,False,True,5e9e3032383ecb6bb234e7ca,4.0,0,B1042,-80.6039558,28.6080585,1,19:34:00,F9 B4 B1042.1,KSC LC-39A,Koreasat 5A,3500,GTO,KT Corporation,Success,Success (drone ship)
40,42,2017-12-15,Falcon 9,2205.0,ISS,CCSFS SLC 40,True RTLS,2,True,True,True,5e9e3032383ecb267a34e7c7,3.0,1,B1035,-80.577366,28.5618571,1,15:36:00,F9 FT  B1035.2,CCAFS SLC-40,SpaceX CRS-13,2205,LEO (ISS),NASA (CRS),Success,Success (ground pad)
41,43,2017-12-23,Falcon 9,9600.0,PO,VAFB SLC 4E,True Ocean,2,True,True,False,,3.0,1,B1036,-120.610829,34.632093,1,1:27:00,F9 FT  B1036.2,VAFB SLC-4E,Iridium NEXT 4,9600,Polar LEO,Iridium Communications,Success,Controlled (ocean)
42,44,2018-01-08,Falcon 9,6123.547647058824,LEO,CCSFS SLC 40,True RTLS,1,True,False,True,5e9e3032383ecb267a34e7c7,4.0,1,B1043,-80.577366,28.5618571,1,1:00:00,F9 B4 B1043.1,CCAFS SLC-40,Zuma,5000,LEO,Northrop Grumman,Success (payload status unclear),Success (ground pad)
43,45,2018-01-31,Falcon 9,4230.0,GTO,CCSFS SLC 40,True Ocean,2,True,True,True,,3.0,1,B1032,-80.577366,28.5618571,1,21:25:00,F9 FT  B1032.2,CCAFS SLC-40,GovSat-1 / SES-16,4230,GTO,SES,Success,Controlled (ocean)
44,46,2018-03-06,Falcon 9,6092.0,GTO,CCSFS SLC 40,None None,1,True,False,True,,4.0,0,B1044,-80.577366,28.5618571,0,5:33:00,F9 B4 B1044,CCAFS SLC-40,Hispasat 30W-6  PODSat,6092,GTO,Hispasat  NovaWurks,Success,No attempt
45,47,2018-03-30,Falcon 9,9600.0,PO,VAFB SLC 4E,None None,2,True,True,True,,4.0,1,B1041,-120.610829,34.632093,0,14:14:00,F9 B4  B1041.2,VAFB SLC-4E,Iridium NEXT 5,9600,Polar LEO,Iridium Communications,Success,No attempt
46,48,2018-04-02,Falcon 9,2760.0,ISS,CCSFS SLC 40,None None,2,True,True,True,,4.0,1,B1039,-80.577366,28.5618571,0,20:30:00,F9 B4  B1039.2,CCAFS SLC-40,SpaceX CRS-14,2647,LEO (ISS),NASA (CRS),Success,No attempt
47,49,2018-04-18,Falcon 9,350.0,HEO,CCSFS SLC 40,True ASDS,1,True,False,True,5e9e3032383ecb6bb234e7ca,4.0,1,B1045,-80.577366,28.5618571,1,22:51:00,F9 B4 B1045.1,CCAFS SLC-40,Transiting Exoplanet Survey Satellite (TESS),362,HEO,NASA (LSP),Success,Success (drone ship)
48,50,2018-05-11,Falcon 9,3750.0,GTO,KSC LC 39A,True ASDS,1,True,False,True,5e9e3032383ecb6bb234e7ca,5.0,3,B1046,-80.6039558,28.6080585,1,20:14:00,F9 B5  B1046.1,KSC LC-39A,Bangabandhu-1,3600,GTO,Thales-Alenia/BTRC,Success,Success (drone ship)
49,51,2018-06-04,Falcon 9,5383.85,GTO,CCSFS SLC 40,None None,2,False,True,False,,4.0,1,B1040,-80.577366,28.5618571,0,4:45:00,F9 B4  B1040.2,CCAFS SLC-40,SES-12,5384,GTO,SES,Success,No attempt
50,52,2018-06-29,Falcon 9,2410.0,ISS,CCSFS SLC 40,None None,2,False,True,False,,4.0,1,B1045,-80.577366,28.5618571,0,9:42:00,F9 B4 B1045.2,CCAFS SLC-40,SpaceX CRS-15,2697,LEO (ISS),NASA (CRS),Success,No attempt
51,53,2018-07-22,Falcon 9,7076.0,GTO,CCSFS SLC 40,True ASDS,1,True,False,True,5e9e3032383ecb6bb234e7ca,5.0,2,B1047,-80.577366,28.5618571,1,5:50:00,F9 B5B1047.1,CCAFS SLC-40,Telstar 19V,7075,GTO,Telesat,Success,Success
52,54,2018-07-25,Falcon 9,9600.0,PO,VAFB SLC 4E,True ASDS,1,True,False,True,5e9e3033383ecbb9e534e7cc,5.0,4,B1048,-120.610829,34.632093,1,11:39:00,F9 B5B1048.1,VAFB SLC-4E,Iridium NEXT-7,9600,Polar LEO,Iridium Communications,Success,Success
53,55,2018-08-07,Falcon 9,5800.0,GTO,CCSFS SLC 40,True ASDS,2,True,True,True,5e9e3032383ecb6bb234e7ca,5.0,3,B1046,-80.577366,28.5618571,1,5:18:00,F9 B5 B1046.2,CCAFS SLC-40,Merah Putih ,5800,GTO,Telkom Indonesia,Success,Success
54,56,2018-09-10,Falcon 9,7060.0,GTO,CCSFS SLC 40,True ASDS,1,True,False,True,5e9e3032383ecb6bb234e7ca,5.0,9,B1049,-80.577366,28.5618571,1,4:45:00,F9 B5B1049.1,CCAFS SLC-40,Telstar 18V / Apstar-5C,7060,GTO,Telesat,Success,Success
55,57,2018-10-08,Falcon 9,2800.0,SSO,VAFB SLC 4E,True RTLS,2,True,True,True,5e9e3032383ecb554034e7c9,5.0,4,B1048,-120.610829,34.632093,1,2:22:00,F9 B5 B1048.2,VAFB SLC-4E,SAOCOM 1A,3000,SSO,CONAE,Success,Success
56,58,2018-11-15,Falcon 9,3000.0,GTO,KSC LC 39A,True ASDS,2,True,True,True,5e9e3032383ecb6bb234e7ca,5.0,2,B1047,-80.6039558,28.6080585,1,20:46:00,F9 B5 B1047.2,KSC LC-39A,Es hail 2,5300,GTO,Es hailSat,Success,Success
57,59,2018-12-03,Falcon 9,4000.0,SSO,VAFB SLC 4E,True ASDS,3,True,True,True,5e9e3033383ecbb9e534e7cc,5.0,3,B1046,-120.610829,34.632093,1,18:34:05,F9 B5 B1046.3,VAFB SLC-4E,SSO-A ,4000,SSO,Spaceflight Industries,Success,Success
58,60,2018-12-05,Falcon 9,2573.0,ISS,CCSFS SLC 40,False RTLS,1,True,False,True,5e9e3032383ecb267a34e7c7,5.0,0,B1050,-80.577366,28.5618571,0,18:16:00,F9 B5B1050,CCAFS SLC-40,SpaceX CRS-16,2500,LEO (ISS),NASA (CRS),Success,Failure
59,61,2018-12-23,Falcon 9,4400.0,MEO,CCSFS SLC 40,None None,1,False,False,False,,5.0,0,B1054,-80.577366,28.5618571,0,13:51:00,F9 B5B1054,CCAFS SLC-40,GPS III-01 ,4400,MEO,USAF,Success ,No attempt
60,62,2019-01-11,Falcon 9,9600.0,PO,VAFB SLC 4E,True ASDS,2,True,True,True,5e9e3033383ecbb9e534e7cc,5.0,9,B1049,-120.610829,34.632093,1,15:31:00,F9 B5 B1049.2,VAFB SLC-4E,Iridium NEXT-8,9600,Polar LEO,Iridium Communications,Success,Success
61,63,2019-03-02,Falcon 9,12259.0,ISS,KSC LC 39A,True ASDS,1,True,False,True,5e9e3032383ecb6bb234e7ca,5.0,12,B1051,-80.6039558,28.6080585,1,7:49:00,F9 B5B1051.1,KSC LC-39A,"Crew Dragon Demo-1, SpaceX CRS-17 ",12055,LEO (ISS),NASA (CCD) ,Success,Success
62,64,2019-05-04,Falcon 9,2482.0,ISS,CCSFS SLC 40,True ASDS,1,True,False,True,5e9e3032383ecb6bb234e7ca,5.0,3,B1056,-80.577366,28.5618571,1,6:48:00,F9 B5B1056.1 ,CCAFS SLC-40,"SpaceX CRS-17, Starlink v0.9",2495,LEO (ISS),NASA (CRS),Success,Success
63,65,2019-05-24,Falcon 9,13200.0,VLEO,CCSFS SLC 40,True ASDS,3,True,True,True,5e9e3032383ecb6bb234e7ca,5.0,9,B1049,-80.577366,28.5618571,1,2:30:00,F9 B5 B1049.3,CCAFS SLC-40,"Starlink v0.9, RADARSAT Constellation",13620,LEO,SpaceX,Success,Success
64,66,2019-06-12,Falcon 9,1425.0,SSO,VAFB SLC 4E,True RTLS,2,True,True,True,5e9e3032383ecb554034e7c9,5.0,12,B1051,-120.610829,34.632093,1,14:17:00,F9 B5 B1051.2 ,VAFB SLC-4E,"RADARSAT Constellation, SpaceX CRS-18 ",4200,SSO,Canadian Space Agency (CSA),Success,Success
65,67,2019-07-25,Falcon 9,2227.7,ISS,CCSFS SLC 40,True RTLS,2,True,True,True,5e9e3032383ecb267a34e7c7,5.0,3,B1056,-80.577366,28.5618571,1,22:01:00,F9 B5 B1056.2 ,CCAFS SLC-40,"SpaceX CRS-18, AMOS-17 ",2268,LEO (ISS),NASA (CRS),Success,Success
66,68,2019-08-06,Falcon 9,6500.0,GTO,CCSFS SLC 40,None None,3,False,True,False,,5.0,2,B1047,-80.577366,28.5618571,0,23:23:00,F9 B5 B1047.3 ,CCAFS SLC-40,"AMOS-17, Starlink 1 v1.0 ",6500,GTO,Spacecom,Success,No attempt 
67,69,2019-11-11,Falcon 9,15600.0,VLEO,CCSFS SLC 40,True ASDS,4,True,True,True,5e9e3032383ecb6bb234e7ca,5.0,4,B1048,-80.577366,28.5618571,1,14:56:00,F9 B5 B1048.4,CCAFS SLC-40,"Starlink 1 v1.0, SpaceX CRS-19 ",15600,LEO,SpaceX,Success,Success
68,70,2019-12-05,Falcon 9,5000.0,ISS,CCSFS SLC 40,True ASDS,1,True,False,True,5e9e3032383ecb6bb234e7ca,5.0,5,B1059,-80.577366,28.5618571,1,17:29:00,F9 B5B1059.1,CCAFS SLC-40,"SpaceX CRS-19, JCSat-18 / Kacific 1 ",2617,LEO (ISS),"NASA (CRS), Kacific 1",Success,Success
69,71,2019-12-17,Falcon 9,6800.0,GTO,CCSFS SLC 40,True ASDS,3,True,True,True,5e9e3032383ecb6bb234e7ca,5.0,3,B1056,-80.577366,28.5618571,1,0:10:00,F9 B5 B1056.3 ,CCAFS SLC-40,"JCSat-18 / Kacific 1, Starlink 2 v1.0 ",6956,GTO,"Sky Perfect JSAT, Kacific 1",Success,Success
70,72,2020-01-07,Falcon 9,15600.0,VLEO,CCSFS SLC 40,True ASDS,4,True,True,True,5e9e3032383ecb6bb234e7ca,5.0,9,B1049,-80.577366,28.5618571,1,2:33:00,F9 B5 B1049.4,CCAFS SLC-40,"Starlink 2 v1.0, Crew Dragon in-flight abort test ",15600,LEO,SpaceX,Success,Success
71,73,2020-01-19,Falcon 9,6123.547647058824,SO,KSC LC 39A,None None,4,False,True,False,,5.0,3,B1046,-80.6039558,28.6080585,0,15:30:00,F9 B5 B1046.4,KSC LC-39A,"Crew Dragon in-flight abort test, Starlink 3 v1.0 ",12050,Sub-orbital,NASA (CTS),Success,No attempt
72,74,2020-01-29,Falcon 9,15600.0,VLEO,CCSFS SLC 40,True ASDS,3,True,True,True,5e9e3032383ecb6bb234e7ca,5.0,12,B1051,-80.577366,28.5618571,1,14:07:00,F9 B5 B1051.3,CCAFS SLC-40,"Starlink 3 v1.0, Starlink 4 v1.0 ",15600,LEO,SpaceX,Success,Success
73,75,2020-02-17,Falcon 9,15600.0,VLEO,CCSFS SLC 40,False ASDS,4,True,True,True,5e9e3032383ecb6bb234e7ca,5.0,3,B1056,-80.577366,28.5618571,0,15:05:00,F9 B5 B1056.4,CCAFS SLC-40,"Starlink 4 v1.0, SpaceX CRS-20",15600,LEO,SpaceX,Success,Failure
74,76,2020-03-07,Falcon 9,1977.0,ISS,CCSFS SLC 40,True RTLS,2,True,True,True,5e9e3032383ecb267a34e7c7,5.0,5,B1059,-80.577366,28.5618571,1,4:50:00,F9 B5 B1059.2,CCAFS SLC-40,"SpaceX CRS-20, Starlink 5 v1.0 ",1977,LEO (ISS),NASA (CRS),Success,Success
75,77,2020-03-18,Falcon 9,15600.0,VLEO,KSC LC 39A,False ASDS,5,True,True,True,5e9e3032383ecb6bb234e7ca,5.0,4,B1048,-80.6039558,28.6080585,0,12:16:00,F9 B5 B1048.5,KSC LC-39A,"Starlink 5 v1.0, Starlink 6 v1.0 ",15600,LEO,SpaceX,Success,Failure
76,78,2020-04-22,Falcon 9,15600.0,VLEO,KSC LC 39A,True ASDS,4,True,True,True,5e9e3032383ecb6bb234e7ca,5.0,12,B1051,-80.6039558,28.6080585,1,19:30:00,F9 B5 B1051.4,KSC LC-39A,"Starlink 6 v1.0, Crew Dragon Demo-2 ",15600,LEO,SpaceX,Success,Success
77,79,2020-05-30,Falcon 9,9525.0,ISS,KSC LC 39A,True ASDS,1,True,False,True,5e9e3032383ecb6bb234e7ca,5.0,13,B1058,-80.6039558,28.6080585,1,19:22:00,F9 B5B1058.1 ,KSC LC-39A,"Crew Dragon Demo-2, Starlink 7 v1.0 ",12530,LEO (ISS),NASA (CCDev),Success,Success
78,80,2020-06-04,Falcon 9,15600.0,VLEO,CCSFS SLC 40,True ASDS,5,True,True,True,5e9e3033383ecbb9e534e7cc,5.0,9,B1049,-80.577366,28.5618571,1,1:25:00,F9 B5 B1049.5,CCAFS SLC-40,"Starlink 7 v1.0, Starlink 8 v1.0",15600,LEO,"SpaceX, Planet Labs",Success,Success
79,81,2020-06-13,Falcon 9,15600.0,VLEO,CCSFS SLC 40,True ASDS,3,True,True,True,5e9e3032383ecb6bb234e7ca,5.0,5,B1059,-80.577366,28.5618571,1,9:21:00,F9 B5 B1059.3,CCAFS SLC-40,"Starlink 8 v1.0, SkySats-16, -17, -18, GPS III-03 ",15410,LEO,"SpaceX, Planet Labs",Success,Success
80,82,2020-06-30,Falcon 9,3880.0,MEO,CCSFS SLC 40,True ASDS,1,True,False,True,5e9e3033383ecbb9e534e7cc,5.0,12,B1060,-80.577366,28.5618571,1,20:10:46,F9 B5B1060.1,CCAFS SLC-40,"GPS III-03, ANASIS-II",4311,MEO,U.S. Space Force,Success,Success
81,83,2020-07-20,Falcon 9,6123.547647058824,GEO,CCSFS SLC 40,True ASDS,2,True,True,True,5e9e3033383ecbb9e534e7cc,5.0,13,B1058,-80.577366,28.5618571,1,21:30:00,F9 B5 B1058.2 ,CCAFS SLC-40,"ANASIS-II, Starlink 9 v1.0",5500,GTO,"Republic of Korea Army, Spaceflight Industries (BlackSky)",Success,Success
82,84,2020-08-18,Falcon 9,15600.0,VLEO,CCSFS SLC 40,True ASDS,6,True,True,True,5e9e3032383ecb6bb234e7ca,5.0,9,B1049,-80.577366,28.5618571,1,14:31:00,F9 B5 B1049.6,CCAFS SLC-40,"Starlink 10 v1.0, SkySat-19, -20, -21, SAOCOM 1B ",15440,LEO,"SpaceX, Planet Labs, PlanetIQ",Success,Success
83,85,2020-08-30,Falcon 9,1600.0,SSO,CCSFS SLC 40,True RTLS,4,True,True,True,5e9e3032383ecb267a34e7c7,5.0,5,B1059,-80.577366,28.5618571,1,23:18:00,F9 B5 B1059.4,CCAFS SLC-40,"SAOCOM 1B, GNOMES 1, Tyvak-0172",3130,SSO,"CONAE, PlanetIQ, SpaceX",Success,Success
84,86,2020-09-03,Falcon 9,15600.0,VLEO,KSC LC 39A,True ASDS,2,True,True,True,5e9e3032383ecb6bb234e7ca,5.0,12,B1060,-80.6039558,28.6080585,1,12:46:14,F9 B5 B1060.2 ,KSC LC-39A,"Starlink 11 v1.0, Starlink 12 v1.0 ",15600,LEO,SpaceX,Success,Success
85,87,2020-10-06,Falcon 9,15600.0,VLEO,KSC LC 39A,True ASDS,3,True,True,True,5e9e3032383ecb6bb234e7ca,5.0,13,B1058,-80.6039558,28.6080585,1,11:29:34,F9 B5 B1058.3 ,KSC LC-39A,"Starlink 12 v1.0, Starlink 13 v1.0 ",15600,LEO,SpaceX,Success,Success
86,88,2020-10-18,Falcon 9,15600.0,VLEO,KSC LC 39A,True ASDS,6,True,True,True,5e9e3032383ecb6bb234e7ca,5.0,12,B1051,-80.6039558,28.6080585,1,12:25:57,F9 B5 B1051.6,KSC LC-39A,"Starlink 13 v1.0, Starlink 14 v1.0 ",15600,LEO,SpaceX,Success,Success
87,89,2020-10-24,Falcon 9,15600.0,VLEO,CCSFS SLC 40,True ASDS,3,True,True,True,5e9e3033383ecbb9e534e7cc,5.0,12,B1060,-80.577366,28.5618571,1,15:31:34,F9 B5 B1060.3,CCAFS SLC-40,"Starlink 14 v1.0, GPS III-04  ",15600,LEO,SpaceX,Success,Success
88,90,2020-11-05,Falcon 9,3681.0,MEO,CCSFS SLC 40,True ASDS,1,True,False,True,5e9e3032383ecb6bb234e7ca,5.0,8,B1062,-80.577366,28.5618571,1,23:24:23,F9 B5B1062.1,CCAFS SLC-40,"GPS III-04 , Crew-1",4311,MEO,USSF,Success,Success
